{"cameraMode":{"drawMode":0,"name":"Shaded","section":"Shading Mode"},"sceneLighting":false,"audioPlay":false,"sceneViewState":{"showFog":true,"showMaterialUpdate":false,"showSkybox":true,"showFlares":true,"showImageEffects":true,"showParticleSystems":true},"in2DMode":false,"pivot":{"x":3.128519296646118,"y":-0.19999998807907105,"z":11.125141143798829},"rotation":{"x":0.1424022912979126,"y":0.8411704897880554,"z":-0.26742804050445559,"w":0.44792428612709048},"size":2.8578836917877199,"orthographic":false}