{"cameraMode":{"drawMode":0,"name":"Shaded","section":"Shading Mode"},"sceneLighting":false,"audioPlay":false,"sceneViewState":{"showFog":true,"showMaterialUpdate":false,"showSkybox":true,"showFlares":true,"showImageEffects":true,"showParticleSystems":true},"in2DMode":false,"pivot":{"x":12.020606994628907,"y":12.47591781616211,"z":-121.4734878540039},"rotation":{"x":0.26160287857055666,"y":0.23310665786266328,"z":-0.06526786834001541,"w":0.934326171875},"size":3.03348445892334,"orthographic":false}